problem;time
1;0.004441148
2;0.003443116
